query,response
"What is the policy number?","The policy number is found on the first page of your document."
"Explain the coverage for accidental damage.","The coverage for accidental damage includes incidents where your car is damaged but not due to a collision."
"What is excluded under the theft section?","Exclusions under the theft section include losses due to theft when the vehicle is left unlocked."
"What are the conditions for third-party liability coverage?","Third-party liability coverage includes damages caused to another person's property or injuries to another person."
"How do I file a claim for windscreen damage?","To file a claim for windscreen damage, contact our claims department at the number provided on the back of your insurance card."
"Is personal belongings coverage included?","Yes, personal belongings coverage is included up to a certain limit. Refer to the policy document for specific details."
"What is the procedure for canceling the policy?","To cancel your policy, you must notify us in writing and provide the reason for cancellation. The cancellation will be effective from the date we receive your request."
"Are there any additional benefits included?","Yes, additional benefits include roadside assistance and legal expenses cover. Refer to the policy document for full details."
"What should I do in case of an accident?","In case of an accident, ensure safety first, then exchange details with the other party and contact our claims department as soon as possible."
"How can I add a driver to my policy?","To add a driver to your policy, contact our customer service and provide the necessary details of the additional driver."
"What are the exclusions for the comprehensive coverage?","Exclusions for comprehensive coverage include damages due to illegal activities, war, or nuclear risks."
"Does the policy cover rental cars?","Yes, the policy includes coverage for rental cars under certain conditions. Please refer to the policy document for detailed terms."
"What documents do I need to provide when filing a claim?","When filing a claim, you need to provide a completed claim form, a copy of your insurance policy, and any other relevant documents such as police reports or repair estimates."
"Is there a grace period for policy renewal?","Yes, there is a 30-day grace period for policy renewal. During this period, your coverage continues uninterrupted."
"How is the premium calculated?","The premium is calculated based on factors such as the type of vehicle, the age of the driver, and the coverage options selected."
"What happens if I miss a premium payment?","If you miss a premium payment, you will be notified, and your coverage may be suspended until the payment is made. Continued non-payment can result in policy cancellation."
"Can I upgrade my coverage during the policy term?","Yes, you can upgrade your coverage during the policy term by contacting our customer service and discussing the available options."
"What is the excess amount for claims?","The excess amount for claims is the amount you are required to pay out of pocket before the insurance coverage applies. This amount varies depending on the type of claim."
"Does the policy cover international travel?","The policy includes coverage for international travel within the regions specified in the policy document. Check the document for the exact geographical limits."
"How do I contact customer service?","You can contact customer service by phone, email, or through our website. The contact details are provided in your policy document."
"What types of damages are covered under fire and theft?","Fire and theft coverage includes damages resulting from fire, explosion, and theft or attempted theft of the vehicle."
"Is there a discount for installing a car alarm?","Yes, there is a discount for installing an approved car alarm system. Contact our customer service for details on how to apply for this discount."
"What is the maximum coverage limit for personal injury?","The maximum coverage limit for personal injury is specified in your policy document and varies based on the selected coverage plan."
"How can I obtain a copy of my policy document?","You can obtain a copy of your policy document by logging into your account on our website or by contacting customer service."
"Are towing services included in the policy?","Yes, towing services are included as part of the roadside assistance benefits in the policy."
"What is the claims process for natural disasters?","The claims process for natural disasters involves reporting the damage as soon as possible and providing necessary documentation such as photos and repair estimates."
"Can I transfer my policy to another person?","Yes, you can transfer your policy to another person by notifying us and providing the necessary details of the new policyholder."
"What is the coverage for legal expenses?","The policy includes coverage for legal expenses related to claims or disputes arising from an accident involving your vehicle."
"How do I update my contact information?","You can update your contact information by logging into your account on our website or by contacting customer service."
"Is there an age limit for drivers covered by the policy?","Yes, there is an age limit for drivers covered by the policy. Refer to the policy document for specific details on age restrictions."
"How do I add a vehicle to my policy?","To add a vehicle to your policy, contact our customer service with the details of the new vehicle."
"Are there any penalties for early policy termination?","Yes, there may be penalties for early policy termination. Refer to your policy document for details on termination fees and penalties."
